ARID,Customer,InvoiceDate,DueDate,Amount,Currency,Status,ReceivedDate,Terms
AR20000,Soylent,2023-08-19,2023-10-03,6160.48,USD,Partial,,Net 45
AR20001,Umbrella,2025-04-01,2025-05-16,995.04,EUR,Open,,Net 45
AR20002,Soylent,2024-12-25,2025-02-08,3936.29,GBP,Open,,Net 45
AR20003,Umbrella,2023-05-08,2023-06-22,3596.35,GBP,Received,2023-06-22,Net 45
AR20004,Acme,2024-08-07,2024-09-21,6577.57,GBP,Received,2024-09-21,Net 45
AR20005,Initech,2023-05-29,2023-07-13,6985.23,CAD,Open,,Net 45
AR20006,Acme,2023-10-22,2023-12-06,6637.46,AUD,Received,2023-12-06,Net 45
AR20007,Globex,2023-11-03,2023-12-18,4099.3,USD,Partial,,Net 45
AR20008,Globex,2025-01-05,2025-02-19,3578.15,GBP,Received,2025-02-19,Net 45
AR20009,Globex,2023-12-11,2024-01-25,2670.06,EUR,Partial,,Net 45
AR20010,Acme,2023-08-25,2023-10-09,3602.98,GBP,Open,,Net 45
AR20011,Umbrella,2024-12-05,2025-01-19,1107.56,EUR,Partial,,Net 45
AR20012,Initech,2024-06-23,2024-08-07,4604.67,CAD,Received,2024-08-07,Net 45
AR20013,Acme,2025-03-04,2025-04-18,1209.22,EUR,Partial,,Net 45
AR20014,Umbrella,2023-04-29,2023-06-13,1688.61,GBP,Partial,,Net 45
AR20015,Acme,2025-04-29,2025-06-13,3982.02,EUR,Received,2025-06-13,Net 45
AR20016,Initech,2025-05-16,2025-06-30,4357.75,EUR,Open,,Net 45
AR20017,Soylent,2024-01-29,2024-03-14,4297.67,EUR,Received,2024-03-14,Net 45
AR20018,Acme,2024-04-09,2024-05-24,3074.66,USD,Open,,Net 45
AR20019,Initech,2024-05-08,2024-06-22,7987.42,USD,Partial,,Net 45
AR20020,Umbrella,2024-08-12,2024-09-26,1932.36,AUD,Received,2024-09-26,Net 45
AR20021,Acme,2024-07-08,2024-08-22,5384.07,EUR,Open,,Net 45
AR20022,Soylent,2023-07-14,2023-08-28,5931.01,GBP,Partial,,Net 45
AR20023,Umbrella,2023-09-04,2023-10-19,7959.18,GBP,Open,,Net 45
AR20024,Globex,2023-07-08,2023-08-22,5981.13,CAD,Open,,Net 45
AR20025,Acme,2023-03-02,2023-04-16,5545.78,EUR,Received,2023-04-16,Net 45
AR20026,Initech,2023-03-21,2023-05-05,895.41,USD,Received,2023-05-05,Net 45
AR20027,Acme,2023-10-18,2023-12-02,7961.36,AUD,Received,2023-12-02,Net 45
AR20028,Soylent,2023-06-10,2023-07-25,7898.89,USD,Partial,,Net 45
AR20029,Acme,2024-09-11,2024-10-26,3210.82,GBP,Partial,,Net 45
AR20030,Initech,2024-05-15,2024-06-29,546.96,CAD,Open,,Net 45
AR20031,Umbrella,2023-12-18,2024-02-01,2602.51,CAD,Received,2024-02-01,Net 45
AR20032,Acme,2025-02-11,2025-03-28,7548.8,AUD,Partial,,Net 45
AR20033,Soylent,2023-11-23,2024-01-07,634.25,USD,Partial,,Net 45
AR20034,Initech,2025-03-24,2025-05-08,6230.43,GBP,Received,2025-05-08,Net 45
AR20035,Initech,2023-11-01,2023-12-16,2323.42,EUR,Received,2023-12-16,Net 45
AR20036,Acme,2024-07-20,2024-09-03,2167.31,EUR,Received,2024-09-03,Net 45
AR20037,Globex,2024-12-16,2025-01-30,1711.81,CAD,Open,,Net 45
AR20038,Umbrella,2023-10-31,2023-12-15,6942.78,USD,Partial,,Net 45
AR20039,Acme,2023-08-05,2023-09-19,7098.74,AUD,Open,,Net 45
AR20040,Acme,2023-07-03,2023-08-17,4881.63,CAD,Received,2023-08-17,Net 45
AR20041,Initech,2023-10-13,2023-11-27,6438.74,EUR,Partial,,Net 45
AR20042,Umbrella,2023-10-28,2023-12-12,5344.09,AUD,Received,2023-12-12,Net 45
AR20043,Globex,2023-07-02,2023-08-16,5121.3,EUR,Open,,Net 45
AR20044,Umbrella,2025-04-07,2025-05-22,1325.15,CAD,Open,,Net 45
AR20045,Globex,2024-11-08,2024-12-23,2200.82,USD,Open,,Net 45
AR20046,Globex,2025-04-04,2025-05-19,1015.66,EUR,Received,2025-05-19,Net 45
AR20047,Umbrella,2023-07-01,2023-08-15,3180.12,AUD,Open,,Net 45
AR20048,Acme,2025-03-13,2025-04-27,699.9,USD,Open,,Net 45
AR20049,Initech,2024-05-25,2024-07-09,498.51,AUD,Open,,Net 45
AR20050,Acme,2023-03-22,2023-05-06,1578.97,EUR,Partial,,Net 45
AR20051,Acme,2025-01-17,2025-03-03,1246.19,GBP,Partial,,Net 45
AR20052,Globex,2023-05-24,2023-07-08,3082.8,GBP,Received,2023-07-08,Net 45
AR20053,Soylent,2025-04-09,2025-05-24,473.33,CAD,Open,,Net 45
AR20054,Soylent,2024-07-07,2024-08-21,5228.94,CAD,Partial,,Net 45
AR20055,Soylent,2023-07-16,2023-08-30,3011.2,AUD,Open,,Net 45
AR20056,Acme,2024-12-24,2025-02-07,4681.96,USD,Partial,,Net 45
AR20057,Acme,2023-06-01,2023-07-16,814.13,USD,Received,2023-07-16,Net 45
AR20058,Umbrella,2023-09-06,2023-10-21,4305.11,CAD,Partial,,Net 45
AR20059,Soylent,2023-06-29,2023-08-13,902.23,AUD,Received,2023-08-13,Net 45
AR20060,Acme,2025-01-12,2025-02-26,7045.91,USD,Partial,,Net 45
AR20061,Acme,2025-04-12,2025-05-27,425.01,EUR,Open,,Net 45
AR20062,Globex,2023-10-20,2023-12-04,839.83,USD,Open,,Net 45
AR20063,Initech,2024-10-24,2024-12-08,997.56,GBP,Open,,Net 45
AR20064,Soylent,2023-08-14,2023-09-28,6142.65,USD,Open,,Net 45
AR20065,Acme,2025-03-23,2025-05-07,4402.52,CAD,Open,,Net 45
AR20066,Initech,2024-07-10,2024-08-24,7809.98,CAD,Open,,Net 45
AR20067,Umbrella,2023-10-01,2023-11-15,7348.09,CAD,Received,2023-11-15,Net 45
AR20068,Initech,2024-02-03,2024-03-19,2946.05,EUR,Partial,,Net 45
AR20069,Acme,2024-06-08,2024-07-23,700.95,CAD,Received,2024-07-23,Net 45
AR20070,Umbrella,2023-01-30,2023-03-16,4822.19,EUR,Partial,,Net 45
AR20071,Initech,2024-02-03,2024-03-19,457.35,CAD,Partial,,Net 45
AR20072,Initech,2023-09-23,2023-11-07,2055.94,GBP,Partial,,Net 45
AR20073,Globex,2024-04-24,2024-06-08,6747.59,GBP,Partial,,Net 45
AR20074,Initech,2024-10-15,2024-11-29,3184.22,EUR,Partial,,Net 45
AR20075,Initech,2025-02-16,2025-04-02,5289.37,EUR,Received,2025-04-02,Net 45
AR20076,Soylent,2023-04-02,2023-05-17,6399.62,GBP,Partial,,Net 45
AR20077,Soylent,2023-06-30,2023-08-14,775.03,EUR,Open,,Net 45
AR20078,Umbrella,2024-09-27,2024-11-11,3847.51,AUD,Partial,,Net 45
AR20079,Umbrella,2025-03-30,2025-05-14,7379.19,EUR,Received,2025-05-14,Net 45
AR20080,Initech,2025-06-14,2025-07-29,3736.92,EUR,Partial,,Net 45
AR20081,Globex,2024-08-14,2024-09-28,7917.43,GBP,Received,2024-09-28,Net 45
AR20082,Initech,2024-08-07,2024-09-21,7325.37,AUD,Partial,,Net 45
AR20083,Globex,2023-07-24,2023-09-07,3958.69,AUD,Partial,,Net 45
AR20084,Initech,2024-06-21,2024-08-05,996.98,AUD,Open,,Net 45
AR20085,Initech,2023-08-04,2023-09-18,5165.9,USD,Partial,,Net 45
AR20086,Initech,2024-07-12,2024-08-26,6048.66,EUR,Open,,Net 45
AR20087,Soylent,2023-12-16,2024-01-30,1217.87,USD,Received,2024-01-30,Net 45
AR20088,Initech,2024-03-29,2024-05-13,7578.16,EUR,Partial,,Net 45
AR20089,Umbrella,2023-05-16,2023-06-30,2123.65,GBP,Open,,Net 45
AR20090,Acme,2024-02-27,2024-04-12,3260.89,CAD,Received,2024-04-12,Net 45
AR20091,Soylent,2025-01-08,2025-02-22,3764.75,GBP,Open,,Net 45
AR20092,Globex,2025-03-25,2025-05-09,820.19,EUR,Partial,,Net 45
AR20093,Umbrella,2025-05-10,2025-06-24,5512.04,EUR,Received,2025-06-24,Net 45
AR20094,Initech,2024-09-17,2024-11-01,3114.54,EUR,Received,2024-11-01,Net 45
AR20095,Globex,2024-10-18,2024-12-02,2445.49,AUD,Open,,Net 45
AR20096,Initech,2023-12-13,2024-01-27,1998.78,EUR,Partial,,Net 45
AR20097,Umbrella,2023-12-25,2024-02-08,3998.83,AUD,Open,,Net 45
AR20098,Initech,2023-08-05,2023-09-19,7583.72,EUR,Open,,Net 45
AR20099,Globex,2023-04-01,2023-05-16,962.46,CAD,Open,,Net 45
AR20100,Acme,2024-03-24,2024-05-08,2924.69,CAD,Open,,Net 45
AR20101,Acme,2023-09-20,2023-11-04,4442.67,EUR,Open,,Net 45
AR20102,Soylent,2025-06-17,2025-08-01,1643.11,CAD,Received,2025-08-01,Net 45
AR20103,Acme,2023-01-24,2023-03-10,779.56,USD,Partial,,Net 45
AR20104,Soylent,2023-11-14,2023-12-29,546.16,GBP,Open,,Net 45
AR20105,Globex,2024-09-18,2024-11-02,7954.05,CAD,Open,,Net 45
AR20106,Umbrella,2024-09-08,2024-10-23,3639.68,CAD,Open,,Net 45
AR20107,Globex,2025-06-23,2025-08-07,7625.21,AUD,Partial,,Net 45
AR20108,Globex,2024-03-07,2024-04-21,1585.28,CAD,Partial,,Net 45
AR20109,Initech,2024-10-25,2024-12-09,839.17,AUD,Open,,Net 45
AR20110,Acme,2025-02-16,2025-04-02,3881.62,EUR,Open,,Net 45
AR20111,Acme,2023-07-06,2023-08-20,7797.4,CAD,Open,,Net 45
AR20112,Initech,2024-04-22,2024-06-06,3488.89,USD,Received,2024-06-06,Net 45
AR20113,Umbrella,2024-02-08,2024-03-24,2014.85,CAD,Partial,,Net 45
AR20114,Globex,2023-12-04,2024-01-18,4892.35,AUD,Open,,Net 45
AR20115,Acme,2025-05-31,2025-07-15,4299.43,USD,Partial,,Net 45
AR20116,Initech,2023-06-12,2023-07-27,5721,USD,Open,,Net 45
AR20117,Umbrella,2023-09-15,2023-10-30,7503.51,USD,Partial,,Net 45
AR20118,Acme,2025-04-20,2025-06-04,971.21,USD,Received,2025-06-04,Net 45
AR20119,Globex,2024-07-02,2024-08-16,271.09,USD,Received,2024-08-16,Net 45
AR20120,Acme,2025-04-11,2025-05-26,3411.27,GBP,Open,,Net 45
AR20121,Initech,2025-01-21,2025-03-07,785.47,AUD,Partial,,Net 45
AR20122,Globex,2024-03-19,2024-05-03,1451.37,CAD,Partial,,Net 45
AR20123,Initech,2023-06-15,2023-07-30,4225.25,AUD,Received,2023-07-30,Net 45
AR20124,Initech,2023-02-20,2023-04-06,1416.74,EUR,Partial,,Net 45
AR20125,Globex,2025-05-30,2025-07-14,5473.58,EUR,Received,2025-07-14,Net 45
AR20126,Globex,2023-07-28,2023-09-11,5239.3,CAD,Partial,,Net 45
AR20127,Umbrella,2023-03-12,2023-04-26,5141.19,CAD,Open,,Net 45
AR20128,Acme,2023-11-13,2023-12-28,7401.81,GBP,Received,2023-12-28,Net 45
AR20129,Globex,2023-10-30,2023-12-14,6909.77,EUR,Partial,,Net 45
AR20130,Globex,2023-09-28,2023-11-12,3554.68,USD,Received,2023-11-12,Net 45
AR20131,Umbrella,2023-09-25,2023-11-09,3944.66,EUR,Partial,,Net 45
AR20132,Soylent,2024-02-27,2024-04-12,1328.09,USD,Received,2024-04-12,Net 45
AR20133,Soylent,2025-05-27,2025-07-11,6057.16,CAD,Received,2025-07-11,Net 45
AR20134,Initech,2023-10-31,2023-12-15,1009.43,CAD,Open,,Net 45
AR20135,Umbrella,2023-06-19,2023-08-03,4953.59,AUD,Received,2023-08-03,Net 45
AR20136,Globex,2023-01-18,2023-03-04,1113.25,GBP,Received,2023-03-04,Net 45
AR20137,Acme,2025-03-29,2025-05-13,1115.26,EUR,Open,,Net 45
AR20138,Globex,2024-04-28,2024-06-12,2676.36,EUR,Received,2024-06-12,Net 45
AR20139,Acme,2023-09-17,2023-11-01,2786.7,CAD,Partial,,Net 45
AR20140,Soylent,2025-06-13,2025-07-28,4407.94,AUD,Open,,Net 45
AR20141,Soylent,2024-10-22,2024-12-06,4894.13,USD,Partial,,Net 45
AR20142,Acme,2025-05-10,2025-06-24,6832.48,GBP,Open,,Net 45
AR20143,Soylent,2024-09-04,2024-10-19,2060.19,CAD,Open,,Net 45
AR20144,Globex,2025-04-17,2025-06-01,6302.98,GBP,Open,,Net 45
AR20145,Globex,2023-08-11,2023-09-25,6748,AUD,Partial,,Net 45
AR20146,Initech,2024-10-14,2024-11-28,7996.24,CAD,Partial,,Net 45
AR20147,Acme,2025-01-27,2025-03-13,1809.76,AUD,Received,2025-03-13,Net 45
AR20148,Soylent,2025-04-03,2025-05-18,6175.65,CAD,Partial,,Net 45
AR20149,Initech,2024-09-11,2024-10-26,1636.23,AUD,Open,,Net 45
AR20150,Globex,2024-09-18,2024-11-02,7573.95,GBP,Received,2024-11-02,Net 45
AR20151,Initech,2023-06-14,2023-07-29,1194.41,USD,Open,,Net 45
AR20152,Soylent,2023-08-14,2023-09-28,3323.19,EUR,Received,2023-09-28,Net 45
AR20153,Acme,2024-12-01,2025-01-15,426.96,CAD,Open,,Net 45
AR20154,Globex,2025-05-07,2025-06-21,3349.63,EUR,Partial,,Net 45
AR20155,Umbrella,2023-05-28,2023-07-12,2205.42,AUD,Received,2023-07-12,Net 45
AR20156,Globex,2023-05-03,2023-06-17,3681.26,AUD,Partial,,Net 45
AR20157,Globex,2024-07-15,2024-08-29,4481.24,GBP,Received,2024-08-29,Net 45
AR20158,Umbrella,2025-02-06,2025-03-23,6512.91,CAD,Open,,Net 45
AR20159,Acme,2023-12-10,2024-01-24,5880.66,AUD,Partial,,Net 45
AR20160,Umbrella,2025-02-26,2025-04-12,6131.33,USD,Open,,Net 45
AR20161,Globex,2023-02-20,2023-04-06,5140.85,CAD,Partial,,Net 45
AR20162,Acme,2023-04-03,2023-05-18,955.2,AUD,Received,2023-05-18,Net 45
AR20163,Initech,2023-04-18,2023-06-02,3300.51,EUR,Received,2023-06-02,Net 45
AR20164,Initech,2024-12-25,2025-02-08,4647.5,AUD,Received,2025-02-08,Net 45
AR20165,Initech,2023-09-28,2023-11-12,2799.03,AUD,Open,,Net 45
AR20166,Acme,2024-07-26,2024-09-09,6835.74,EUR,Partial,,Net 45
AR20167,Umbrella,2025-05-10,2025-06-24,6160.95,GBP,Open,,Net 45
AR20168,Initech,2025-04-11,2025-05-26,1275.37,EUR,Received,2025-05-26,Net 45
AR20169,Umbrella,2023-07-08,2023-08-22,6366.69,GBP,Received,2023-08-22,Net 45
AR20170,Globex,2024-03-03,2024-04-17,2426.38,GBP,Open,,Net 45
AR20171,Globex,2023-09-10,2023-10-25,5499.32,CAD,Received,2023-10-25,Net 45
AR20172,Umbrella,2023-06-29,2023-08-13,2573.49,CAD,Received,2023-08-13,Net 45
AR20173,Globex,2023-01-02,2023-02-16,895.39,EUR,Open,,Net 45
AR20174,Globex,2025-04-05,2025-05-20,1425.44,CAD,Open,,Net 45
AR20175,Acme,2025-02-09,2025-03-26,7615.32,GBP,Open,,Net 45
AR20176,Umbrella,2023-06-18,2023-08-02,5139.07,GBP,Partial,,Net 45
AR20177,Soylent,2023-10-12,2023-11-26,5167.68,GBP,Partial,,Net 45
AR20178,Globex,2024-08-06,2024-09-20,3033.26,CAD,Open,,Net 45
AR20179,Globex,2024-12-12,2025-01-26,2790.33,AUD,Received,2025-01-26,Net 45
AR20180,Soylent,2023-07-15,2023-08-29,2501.68,CAD,Received,2023-08-29,Net 45
AR20181,Globex,2023-11-09,2023-12-24,4360.84,AUD,Open,,Net 45
AR20182,Initech,2024-03-22,2024-05-06,3594.45,AUD,Partial,,Net 45
AR20183,Initech,2025-01-26,2025-03-12,532.94,EUR,Open,,Net 45
AR20184,Acme,2023-06-05,2023-07-20,3313.6,USD,Partial,,Net 45
AR20185,Acme,2023-09-02,2023-10-17,1217.21,AUD,Partial,,Net 45
AR20186,Soylent,2023-02-05,2023-03-22,2638.46,GBP,Partial,,Net 45
AR20187,Acme,2023-03-22,2023-05-06,1769.81,EUR,Partial,,Net 45
AR20188,Umbrella,2025-03-12,2025-04-26,358,CAD,Open,,Net 45
AR20189,Globex,2024-06-10,2024-07-25,6116.96,CAD,Open,,Net 45
AR20190,Globex,2023-05-22,2023-07-06,6724.64,CAD,Received,2023-07-06,Net 45
AR20191,Soylent,2025-01-25,2025-03-11,1713.9,AUD,Received,2025-03-11,Net 45
AR20192,Umbrella,2023-03-21,2023-05-05,4500.46,AUD,Open,,Net 45
AR20193,Acme,2023-09-20,2023-11-04,5401.26,AUD,Open,,Net 45
AR20194,Acme,2025-02-07,2025-03-24,7173.1,EUR,Received,2025-03-24,Net 45
AR20195,Globex,2023-07-15,2023-08-29,255.6,GBP,Received,2023-08-29,Net 45
AR20196,Soylent,2025-04-11,2025-05-26,1321.36,GBP,Open,,Net 45
AR20197,Acme,2025-02-06,2025-03-23,4239.62,USD,Received,2025-03-23,Net 45
AR20198,Soylent,2024-06-04,2024-07-19,1910.09,USD,Open,,Net 45
AR20199,Initech,2023-02-18,2023-04-04,1732.73,AUD,Open,,Net 45
AR20200,Acme,2023-11-05,2023-12-20,7442.79,GBP,Partial,,Net 45
AR20201,Umbrella,2025-06-06,2025-07-21,7828.34,CAD,Partial,,Net 45
AR20202,Globex,2023-01-01,2023-02-15,3603.21,GBP,Open,,Net 45
AR20203,Acme,2023-01-08,2023-02-22,3256.73,CAD,Received,2023-02-22,Net 45
AR20204,Soylent,2023-08-04,2023-09-18,694.22,AUD,Received,2023-09-18,Net 45
AR20205,Initech,2023-01-22,2023-03-08,4742.33,USD,Open,,Net 45
AR20206,Umbrella,2025-02-07,2025-03-24,5745.4,CAD,Partial,,Net 45
AR20207,Initech,2023-07-18,2023-09-01,6440.55,USD,Partial,,Net 45
AR20208,Umbrella,2024-04-04,2024-05-19,5467.97,CAD,Received,2024-05-19,Net 45
AR20209,Globex,2025-05-08,2025-06-22,3067.69,GBP,Partial,,Net 45
AR20210,Acme,2023-06-14,2023-07-29,3030.85,AUD,Partial,,Net 45
AR20211,Initech,2025-04-09,2025-05-24,4387.58,EUR,Received,2025-05-24,Net 45
AR20212,Soylent,2023-07-12,2023-08-26,970.15,EUR,Received,2023-08-26,Net 45
AR20213,Initech,2023-04-22,2023-06-06,6545.56,GBP,Partial,,Net 45
AR20214,Acme,2023-11-16,2023-12-31,4888.93,CAD,Open,,Net 45
AR20215,Umbrella,2023-09-03,2023-10-18,354.48,EUR,Received,2023-10-18,Net 45
AR20216,Initech,2024-01-17,2024-03-02,657.87,CAD,Received,2024-03-02,Net 45
AR20217,Initech,2023-03-27,2023-05-11,3415.75,EUR,Open,,Net 45
AR20218,Umbrella,2025-04-21,2025-06-05,1884.26,USD,Received,2025-06-05,Net 45
AR20219,Soylent,2023-02-26,2023-04-12,741.72,AUD,Received,2023-04-12,Net 45
AR20220,Soylent,2024-01-17,2024-03-02,7943.83,USD,Open,,Net 45
AR20221,Initech,2024-09-24,2024-11-08,247.4,GBP,Partial,,Net 45
AR20222,Initech,2023-09-27,2023-11-11,1967.78,EUR,Open,,Net 45
AR20223,Soylent,2023-09-09,2023-10-24,7603.86,USD,Partial,,Net 45
AR20224,Globex,2023-08-11,2023-09-25,7290.34,AUD,Open,,Net 45
AR20225,Initech,2024-07-04,2024-08-18,2291.87,GBP,Open,,Net 45
AR20226,Globex,2023-03-27,2023-05-11,2360.72,EUR,Partial,,Net 45
AR20227,Initech,2024-05-26,2024-07-10,673.24,EUR,Open,,Net 45
AR20228,Globex,2023-07-03,2023-08-17,4022.7,EUR,Received,2023-08-17,Net 45
AR20229,Globex,2023-08-22,2023-10-06,1973.41,CAD,Received,2023-10-06,Net 45
AR20230,Umbrella,2023-02-25,2023-04-11,3221.68,CAD,Open,,Net 45
AR20231,Acme,2023-11-16,2023-12-31,725.83,EUR,Received,2023-12-31,Net 45
AR20232,Umbrella,2024-08-12,2024-09-26,3034.61,CAD,Received,2024-09-26,Net 45
AR20233,Soylent,2023-12-14,2024-01-28,7652.36,CAD,Received,2024-01-28,Net 45
AR20234,Initech,2025-05-20,2025-07-04,3317.09,USD,Open,,Net 45
AR20235,Umbrella,2023-03-28,2023-05-12,3325.12,EUR,Open,,Net 45
AR20236,Initech,2025-02-19,2025-04-05,4585.18,USD,Partial,,Net 45
AR20237,Soylent,2023-10-28,2023-12-12,6323.5,EUR,Received,2023-12-12,Net 45
AR20238,Acme,2023-06-12,2023-07-27,1165.07,GBP,Partial,,Net 45
AR20239,Acme,2023-10-16,2023-11-30,3713.67,CAD,Received,2023-11-30,Net 45
AR20240,Acme,2023-04-22,2023-06-06,1188.28,EUR,Partial,,Net 45
AR20241,Initech,2024-01-03,2024-02-17,4578.38,AUD,Received,2024-02-17,Net 45
AR20242,Soylent,2024-07-09,2024-08-23,7392.38,USD,Received,2024-08-23,Net 45
AR20243,Initech,2023-06-06,2023-07-21,7767.69,USD,Received,2023-07-21,Net 45
AR20244,Globex,2025-02-13,2025-03-30,534.33,GBP,Partial,,Net 45
AR20245,Soylent,2024-07-04,2024-08-18,575.11,USD,Open,,Net 45
AR20246,Globex,2023-05-01,2023-06-15,7672.85,GBP,Partial,,Net 45
AR20247,Acme,2024-02-24,2024-04-09,4254.22,AUD,Partial,,Net 45
AR20248,Globex,2024-11-09,2024-12-24,2760,USD,Received,2024-12-24,Net 45
AR20249,Initech,2024-02-19,2024-04-04,2757.32,AUD,Open,,Net 45
AR20250,Umbrella,2024-05-07,2024-06-21,5389.32,USD,Open,,Net 45
AR20251,Initech,2024-01-19,2024-03-04,7153.34,EUR,Open,,Net 45
AR20252,Acme,2024-02-20,2024-04-05,2565.52,USD,Received,2024-04-05,Net 45
AR20253,Acme,2024-02-02,2024-03-18,4484.4,EUR,Open,,Net 45
AR20254,Umbrella,2025-03-05,2025-04-19,2276.46,USD,Open,,Net 45
AR20255,Umbrella,2023-09-23,2023-11-07,3306.6,USD,Partial,,Net 45
AR20256,Initech,2023-11-21,2024-01-05,4927.67,CAD,Open,,Net 45
AR20257,Initech,2024-06-02,2024-07-17,3912.57,AUD,Partial,,Net 45
AR20258,Initech,2025-06-07,2025-07-22,886.79,USD,Received,2025-07-22,Net 45
AR20259,Soylent,2023-05-26,2023-07-10,4441.37,USD,Partial,,Net 45
AR20260,Initech,2025-02-22,2025-04-08,4160.63,EUR,Received,2025-04-08,Net 45
AR20261,Globex,2024-05-19,2024-07-03,2195.88,AUD,Received,2024-07-03,Net 45
AR20262,Soylent,2025-06-03,2025-07-18,7296,AUD,Open,,Net 45
AR20263,Umbrella,2024-10-10,2024-11-24,2844.85,AUD,Open,,Net 45
AR20264,Soylent,2023-02-18,2023-04-04,3336.12,AUD,Open,,Net 45
AR20265,Soylent,2023-09-12,2023-10-27,5108.94,AUD,Open,,Net 45
AR20266,Soylent,2023-02-08,2023-03-25,3254.83,USD,Partial,,Net 45
AR20267,Acme,2024-06-26,2024-08-10,7762.92,GBP,Received,2024-08-10,Net 45
AR20268,Soylent,2025-01-23,2025-03-09,1049.32,EUR,Open,,Net 45
AR20269,Soylent,2024-12-06,2025-01-20,2254.94,GBP,Received,2025-01-20,Net 45
AR20270,Globex,2023-12-23,2024-02-06,7185.54,GBP,Partial,,Net 45
AR20271,Globex,2024-02-16,2024-04-01,1472.13,CAD,Open,,Net 45
AR20272,Initech,2023-04-28,2023-06-12,5363.52,GBP,Partial,,Net 45
AR20273,Umbrella,2023-12-05,2024-01-19,3298.99,AUD,Partial,,Net 45
AR20274,Soylent,2025-06-23,2025-08-07,7176.07,EUR,Open,,Net 45
AR20275,Initech,2025-03-11,2025-04-25,5173.26,USD,Received,2025-04-25,Net 45
AR20276,Soylent,2023-06-16,2023-07-31,6767.83,CAD,Received,2023-07-31,Net 45
AR20277,Umbrella,2024-12-11,2025-01-25,618.77,EUR,Open,,Net 45
AR20278,Globex,2024-10-23,2024-12-07,3945.49,AUD,Partial,,Net 45
AR20279,Acme,2023-01-02,2023-02-16,4532.65,AUD,Received,2023-02-16,Net 45
AR20280,Acme,2024-04-25,2024-06-09,5769.67,USD,Received,2024-06-09,Net 45
AR20281,Umbrella,2023-01-21,2023-03-07,1912.05,CAD,Open,,Net 45
AR20282,Soylent,2024-11-19,2025-01-03,5329.48,EUR,Partial,,Net 45
AR20283,Soylent,2024-06-20,2024-08-04,5287.6,GBP,Open,,Net 45
AR20284,Acme,2024-09-01,2024-10-16,4912.06,CAD,Open,,Net 45
AR20285,Umbrella,2025-02-08,2025-03-25,6804.92,EUR,Partial,,Net 45
AR20286,Initech,2024-04-03,2024-05-18,2819.2,CAD,Partial,,Net 45
AR20287,Soylent,2024-01-07,2024-02-21,4818.12,EUR,Open,,Net 45
AR20288,Acme,2024-11-28,2025-01-12,1716.94,GBP,Received,2025-01-12,Net 45
AR20289,Soylent,2024-10-20,2024-12-04,6215.27,CAD,Partial,,Net 45
AR20290,Umbrella,2025-01-30,2025-03-16,772.4,GBP,Partial,,Net 45
AR20291,Umbrella,2024-02-06,2024-03-22,5922.14,AUD,Received,2024-03-22,Net 45
AR20292,Umbrella,2025-05-21,2025-07-05,844.47,USD,Open,,Net 45
AR20293,Acme,2023-11-28,2024-01-12,1392.54,AUD,Open,,Net 45
AR20294,Globex,2025-03-20,2025-05-04,237.27,EUR,Received,2025-05-04,Net 45
AR20295,Acme,2024-02-13,2024-03-29,2944.07,CAD,Partial,,Net 45
AR20296,Soylent,2023-09-02,2023-10-17,6013.51,CAD,Open,,Net 45
AR20297,Globex,2023-02-05,2023-03-22,1766.81,USD,Partial,,Net 45
AR20298,Umbrella,2023-12-18,2024-02-01,5288.72,USD,Partial,,Net 45
AR20299,Soylent,2024-09-07,2024-10-22,487.55,CAD,Open,,Net 45
AR20300,Soylent,2023-11-14,2023-12-29,1910.38,AUD,Partial,,Net 45
AR20301,Soylent,2023-12-06,2024-01-20,4958.76,EUR,Received,2024-01-20,Net 45
AR20302,Globex,2024-08-12,2024-09-26,6586.64,USD,Open,,Net 45
AR20303,Umbrella,2024-11-08,2024-12-23,7977.51,USD,Received,2024-12-23,Net 45
AR20304,Initech,2023-02-16,2023-04-02,1308.93,CAD,Partial,,Net 45
AR20305,Acme,2025-05-04,2025-06-18,3082.75,GBP,Open,,Net 45
AR20306,Globex,2024-06-05,2024-07-20,4200.74,USD,Received,2024-07-20,Net 45
AR20307,Soylent,2025-06-13,2025-07-28,612.58,CAD,Partial,,Net 45
AR20308,Initech,2024-12-20,2025-02-03,6586.08,AUD,Open,,Net 45
AR20309,Umbrella,2023-10-13,2023-11-27,7135.58,GBP,Open,,Net 45
AR20310,Initech,2024-11-15,2024-12-30,3310.59,AUD,Open,,Net 45
AR20311,Globex,2025-06-05,2025-07-20,6859.56,USD,Partial,,Net 45
AR20312,Acme,2023-12-18,2024-02-01,1915.49,CAD,Received,2024-02-01,Net 45
AR20313,Globex,2023-01-30,2023-03-16,3592.64,GBP,Received,2023-03-16,Net 45
AR20314,Initech,2025-03-05,2025-04-19,3464.1,CAD,Partial,,Net 45
AR20315,Globex,2025-04-08,2025-05-23,3713.6,AUD,Received,2025-05-23,Net 45
AR20316,Umbrella,2023-10-31,2023-12-15,375.36,USD,Partial,,Net 45
AR20317,Soylent,2024-11-21,2025-01-05,4606.43,GBP,Open,,Net 45
AR20318,Soylent,2023-02-21,2023-04-07,3956.63,EUR,Open,,Net 45
AR20319,Umbrella,2023-05-14,2023-06-28,6463.15,AUD,Received,2023-06-28,Net 45
AR20320,Acme,2023-11-02,2023-12-17,3131.18,USD,Open,,Net 45
AR20321,Acme,2023-02-22,2023-04-08,7443.46,GBP,Open,,Net 45
AR20322,Initech,2024-01-31,2024-03-16,3523.63,AUD,Partial,,Net 45
AR20323,Umbrella,2024-01-24,2024-03-09,255.41,EUR,Partial,,Net 45
AR20324,Umbrella,2024-07-27,2024-09-10,7207.55,CAD,Received,2024-09-10,Net 45
AR20325,Soylent,2025-03-16,2025-04-30,7774.67,AUD,Received,2025-04-30,Net 45
AR20326,Acme,2023-12-31,2024-02-14,1759.2,AUD,Open,,Net 45
AR20327,Globex,2023-12-17,2024-01-31,7446.1,AUD,Open,,Net 45
AR20328,Soylent,2024-12-19,2025-02-02,5244.86,EUR,Open,,Net 45
AR20329,Soylent,2024-02-24,2024-04-09,7281.91,EUR,Partial,,Net 45
AR20330,Acme,2023-05-06,2023-06-20,1209.49,CAD,Open,,Net 45
AR20331,Soylent,2023-10-23,2023-12-07,6584.61,EUR,Partial,,Net 45
AR20332,Umbrella,2024-01-30,2024-03-15,4282.23,USD,Open,,Net 45
AR20333,Soylent,2025-06-15,2025-07-30,443.26,EUR,Partial,,Net 45
AR20334,Soylent,2023-06-09,2023-07-24,6477.19,AUD,Partial,,Net 45
AR20335,Soylent,2023-12-07,2024-01-21,6248.64,CAD,Received,2024-01-21,Net 45
AR20336,Globex,2023-09-21,2023-11-05,5750.64,AUD,Received,2023-11-05,Net 45
AR20337,Globex,2024-03-22,2024-05-06,2160.27,USD,Partial,,Net 45
AR20338,Initech,2023-10-24,2023-12-08,7752.81,USD,Received,2023-12-08,Net 45
AR20339,Acme,2023-08-28,2023-10-12,2252.3,USD,Open,,Net 45
AR20340,Acme,2023-09-26,2023-11-10,235.01,GBP,Open,,Net 45
AR20341,Acme,2024-02-10,2024-03-26,6828.57,GBP,Received,2024-03-26,Net 45
AR20342,Acme,2024-12-07,2025-01-21,3769.6,USD,Received,2025-01-21,Net 45
AR20343,Initech,2024-03-04,2024-04-18,3315.73,GBP,Partial,,Net 45
AR20344,Acme,2024-11-09,2024-12-24,6472.22,AUD,Partial,,Net 45
AR20345,Initech,2025-03-11,2025-04-25,3493.6,AUD,Partial,,Net 45
AR20346,Globex,2025-01-23,2025-03-09,547.94,AUD,Open,,Net 45
AR20347,Soylent,2024-12-12,2025-01-26,5276.49,AUD,Open,,Net 45
AR20348,Globex,2024-04-20,2024-06-04,1752.5,USD,Partial,,Net 45
AR20349,Globex,2025-06-19,2025-08-03,3580.72,AUD,Open,,Net 45
AR20350,Umbrella,2023-08-24,2023-10-08,6738.75,USD,Open,,Net 45
AR20351,Umbrella,2024-03-20,2024-05-04,4258.67,CAD,Received,2024-05-04,Net 45
AR20352,Umbrella,2024-11-13,2024-12-28,6586.55,AUD,Received,2024-12-28,Net 45
AR20353,Initech,2024-05-15,2024-06-29,6004.91,EUR,Open,,Net 45
AR20354,Umbrella,2023-02-17,2023-04-03,7397.93,USD,Partial,,Net 45
AR20355,Initech,2023-08-22,2023-10-06,3933.54,CAD,Received,2023-10-06,Net 45
AR20356,Globex,2023-07-08,2023-08-22,2855.08,GBP,Received,2023-08-22,Net 45
AR20357,Initech,2023-06-17,2023-08-01,1949.39,EUR,Received,2023-08-01,Net 45
AR20358,Umbrella,2023-10-06,2023-11-20,6683.45,CAD,Open,,Net 45
AR20359,Umbrella,2024-01-07,2024-02-21,4920.13,EUR,Received,2024-02-21,Net 45
AR20360,Globex,2023-10-11,2023-11-25,6345.32,USD,Open,,Net 45
AR20361,Globex,2025-04-27,2025-06-11,5576.91,AUD,Received,2025-06-11,Net 45
AR20362,Soylent,2025-04-29,2025-06-13,6384.66,AUD,Partial,,Net 45
AR20363,Acme,2024-02-04,2024-03-20,7693.54,AUD,Partial,,Net 45
AR20364,Acme,2023-09-04,2023-10-19,6624.35,AUD,Partial,,Net 45
AR20365,Initech,2025-05-03,2025-06-17,5486.28,EUR,Received,2025-06-17,Net 45
AR20366,Initech,2024-03-09,2024-04-23,5222.63,GBP,Received,2024-04-23,Net 45
AR20367,Acme,2024-02-12,2024-03-28,7734.3,EUR,Received,2024-03-28,Net 45
AR20368,Globex,2023-01-19,2023-03-05,6594.56,CAD,Partial,,Net 45
AR20369,Soylent,2023-12-03,2024-01-17,1143.42,EUR,Open,,Net 45
AR20370,Initech,2025-02-05,2025-03-22,4928.94,GBP,Partial,,Net 45
AR20371,Globex,2023-01-02,2023-02-16,1440.91,CAD,Partial,,Net 45
AR20372,Soylent,2024-05-02,2024-06-16,1344.24,AUD,Received,2024-06-16,Net 45
AR20373,Globex,2024-12-17,2025-01-31,7404.05,AUD,Received,2025-01-31,Net 45
AR20374,Soylent,2023-07-26,2023-09-09,6282.2,USD,Received,2023-09-09,Net 45
AR20375,Globex,2024-06-10,2024-07-25,1827.23,CAD,Partial,,Net 45
AR20376,Globex,2023-05-09,2023-06-23,5781.9,EUR,Received,2023-06-23,Net 45
AR20377,Soylent,2024-09-06,2024-10-21,3694.12,CAD,Open,,Net 45
AR20378,Globex,2024-10-07,2024-11-21,2959.37,AUD,Received,2024-11-21,Net 45
AR20379,Globex,2024-01-10,2024-02-24,7215.28,USD,Received,2024-02-24,Net 45
AR20380,Initech,2023-12-28,2024-02-11,5960.58,USD,Received,2024-02-11,Net 45
AR20381,Initech,2024-04-19,2024-06-03,1497.93,GBP,Received,2024-06-03,Net 45
AR20382,Globex,2024-08-14,2024-09-28,2691.8,AUD,Partial,,Net 45
AR20383,Initech,2023-08-10,2023-09-24,607.58,GBP,Open,,Net 45
AR20384,Initech,2023-07-17,2023-08-31,6330.55,EUR,Open,,Net 45
AR20385,Soylent,2023-05-10,2023-06-24,3116.61,AUD,Open,,Net 45
AR20386,Umbrella,2023-01-21,2023-03-07,3804.81,CAD,Open,,Net 45
AR20387,Globex,2023-04-23,2023-06-07,4514.3,AUD,Received,2023-06-07,Net 45
AR20388,Umbrella,2024-07-25,2024-09-08,7847.61,GBP,Open,,Net 45
AR20389,Globex,2023-04-26,2023-06-10,6567.27,USD,Partial,,Net 45
AR20390,Initech,2024-04-11,2024-05-26,993.97,USD,Received,2024-05-26,Net 45
AR20391,Globex,2024-06-16,2024-07-31,1676.02,USD,Partial,,Net 45
AR20392,Acme,2024-06-03,2024-07-18,2327.48,AUD,Open,,Net 45
AR20393,Globex,2025-04-18,2025-06-02,3446.92,AUD,Open,,Net 45
AR20394,Initech,2024-07-20,2024-09-03,7984.68,USD,Open,,Net 45
AR20395,Soylent,2024-01-23,2024-03-08,6686.26,CAD,Partial,,Net 45
AR20396,Soylent,2025-05-01,2025-06-15,7289.46,USD,Open,,Net 45
AR20397,Globex,2025-03-24,2025-05-08,5288.29,GBP,Open,,Net 45
AR20398,Acme,2024-02-12,2024-03-28,5313.93,EUR,Received,2024-03-28,Net 45
AR20399,Initech,2023-12-19,2024-02-02,2428.53,EUR,Open,,Net 45
AR20400,Globex,2024-01-08,2024-02-22,5026.8,GBP,Received,2024-02-22,Net 45
AR20401,Globex,2024-02-21,2024-04-06,5625.72,GBP,Open,,Net 45
AR20402,Globex,2024-04-17,2024-06-01,6108.32,EUR,Received,2024-06-01,Net 45
AR20403,Initech,2024-10-28,2024-12-12,2878.51,EUR,Received,2024-12-12,Net 45
AR20404,Acme,2023-07-04,2023-08-18,4123.71,GBP,Open,,Net 45
AR20405,Initech,2025-06-06,2025-07-21,6281.96,AUD,Partial,,Net 45
AR20406,Soylent,2024-04-22,2024-06-06,5969.43,CAD,Open,,Net 45
AR20407,Soylent,2025-01-01,2025-02-15,1704.24,EUR,Partial,,Net 45
AR20408,Umbrella,2024-12-11,2025-01-25,4385.67,EUR,Partial,,Net 45
AR20409,Acme,2024-11-03,2024-12-18,6943.83,USD,Received,2024-12-18,Net 45
AR20410,Umbrella,2023-11-04,2023-12-19,2227.16,AUD,Received,2023-12-19,Net 45
AR20411,Soylent,2023-02-26,2023-04-12,4541.64,GBP,Received,2023-04-12,Net 45
AR20412,Initech,2023-05-28,2023-07-12,4684.49,CAD,Received,2023-07-12,Net 45
AR20413,Acme,2023-10-25,2023-12-09,2115.17,AUD,Partial,,Net 45
AR20414,Umbrella,2025-05-07,2025-06-21,3323.86,USD,Open,,Net 45
AR20415,Acme,2024-03-13,2024-04-27,630.56,EUR,Received,2024-04-27,Net 45
AR20416,Globex,2024-10-15,2024-11-29,3609.1,EUR,Open,,Net 45
AR20417,Soylent,2023-12-07,2024-01-21,4482.32,USD,Received,2024-01-21,Net 45
AR20418,Acme,2025-05-30,2025-07-14,3470.79,USD,Open,,Net 45
AR20419,Umbrella,2024-01-05,2024-02-19,6289.6,AUD,Received,2024-02-19,Net 45
AR20420,Umbrella,2024-11-04,2024-12-19,4991.91,AUD,Open,,Net 45
AR20421,Globex,2024-03-11,2024-04-25,2777.5,EUR,Open,,Net 45
AR20422,Initech,2023-12-11,2024-01-25,3425.68,CAD,Received,2024-01-25,Net 45
AR20423,Soylent,2023-04-04,2023-05-19,2290.34,GBP,Received,2023-05-19,Net 45
AR20424,Soylent,2024-12-24,2025-02-07,5290.53,CAD,Received,2025-02-07,Net 45
AR20425,Umbrella,2023-09-08,2023-10-23,7106.93,EUR,Partial,,Net 45
AR20426,Soylent,2024-10-05,2024-11-19,5137.35,GBP,Open,,Net 45
AR20427,Globex,2023-11-24,2024-01-08,1913.3,USD,Received,2024-01-08,Net 45
AR20428,Globex,2023-01-11,2023-02-25,691.52,GBP,Partial,,Net 45
AR20429,Umbrella,2023-12-07,2024-01-21,4176.67,AUD,Open,,Net 45
AR20430,Globex,2023-05-27,2023-07-11,1480.05,EUR,Open,,Net 45
AR20431,Umbrella,2025-05-17,2025-07-01,6143.97,EUR,Open,,Net 45
AR20432,Initech,2024-02-06,2024-03-22,6797.28,CAD,Open,,Net 45
AR20433,Globex,2023-03-21,2023-05-05,7109.3,EUR,Partial,,Net 45
AR20434,Globex,2023-06-16,2023-07-31,783.4,GBP,Partial,,Net 45
AR20435,Umbrella,2025-01-18,2025-03-04,807.05,USD,Partial,,Net 45
AR20436,Umbrella,2024-05-20,2024-07-04,5687.58,CAD,Received,2024-07-04,Net 45
AR20437,Acme,2024-04-11,2024-05-26,7018.75,USD,Open,,Net 45
AR20438,Globex,2023-08-13,2023-09-27,3873.48,USD,Received,2023-09-27,Net 45
AR20439,Globex,2025-05-14,2025-06-28,538.58,EUR,Received,2025-06-28,Net 45
AR20440,Soylent,2023-05-06,2023-06-20,566.46,AUD,Received,2023-06-20,Net 45
AR20441,Soylent,2025-05-15,2025-06-29,2303.24,CAD,Partial,,Net 45
AR20442,Soylent,2023-09-30,2023-11-14,2906.05,AUD,Partial,,Net 45
AR20443,Initech,2023-01-07,2023-02-21,5629.9,EUR,Received,2023-02-21,Net 45
AR20444,Umbrella,2024-07-08,2024-08-22,1428.87,CAD,Received,2024-08-22,Net 45
AR20445,Umbrella,2025-03-05,2025-04-19,2726.63,GBP,Received,2025-04-19,Net 45
AR20446,Initech,2023-12-30,2024-02-13,4561.9,USD,Partial,,Net 45
AR20447,Soylent,2024-05-15,2024-06-29,6920.67,AUD,Partial,,Net 45
AR20448,Initech,2024-06-05,2024-07-20,1154.44,AUD,Partial,,Net 45
AR20449,Soylent,2025-03-14,2025-04-28,6463.29,GBP,Received,2025-04-28,Net 45
AR20450,Globex,2024-09-25,2024-11-09,2374.91,EUR,Partial,,Net 45
AR20451,Soylent,2023-09-08,2023-10-23,2984.83,AUD,Open,,Net 45
AR20452,Acme,2023-03-20,2023-05-04,5377.36,GBP,Partial,,Net 45
AR20453,Acme,2024-10-03,2024-11-17,4366.74,EUR,Open,,Net 45
AR20454,Acme,2024-01-31,2024-03-16,2198.76,GBP,Partial,,Net 45
AR20455,Soylent,2023-07-04,2023-08-18,2079.57,CAD,Open,,Net 45
AR20456,Globex,2024-04-13,2024-05-28,6720.98,AUD,Open,,Net 45
AR20457,Acme,2023-08-13,2023-09-27,1057.59,AUD,Partial,,Net 45
AR20458,Umbrella,2024-01-21,2024-03-06,2255.79,USD,Received,2024-03-06,Net 45
AR20459,Umbrella,2024-07-13,2024-08-27,5123.86,USD,Partial,,Net 45
AR20460,Soylent,2024-01-07,2024-02-21,6519.59,EUR,Partial,,Net 45
AR20461,Umbrella,2024-12-29,2025-02-12,662.3,EUR,Received,2025-02-12,Net 45
AR20462,Globex,2024-04-21,2024-06-05,1797.3,EUR,Open,,Net 45
AR20463,Initech,2023-05-17,2023-07-01,3397.38,EUR,Received,2023-07-01,Net 45
AR20464,Initech,2024-02-06,2024-03-22,3447.69,GBP,Received,2024-03-22,Net 45
AR20465,Globex,2024-04-20,2024-06-04,1445.51,GBP,Partial,,Net 45
AR20466,Globex,2025-03-07,2025-04-21,5287.65,USD,Partial,,Net 45
AR20467,Umbrella,2024-02-20,2024-04-05,6849.97,AUD,Partial,,Net 45
AR20468,Umbrella,2023-02-02,2023-03-19,3057.81,GBP,Open,,Net 45
AR20469,Acme,2024-10-21,2024-12-05,228.89,CAD,Received,2024-12-05,Net 45
AR20470,Soylent,2025-02-26,2025-04-12,2991.8,USD,Received,2025-04-12,Net 45
AR20471,Acme,2023-06-21,2023-08-05,5406.93,AUD,Open,,Net 45
AR20472,Soylent,2024-11-21,2025-01-05,6854.97,USD,Partial,,Net 45
AR20473,Initech,2023-01-28,2023-03-14,877.13,EUR,Received,2023-03-14,Net 45
AR20474,Globex,2024-04-09,2024-05-24,2494.53,EUR,Open,,Net 45
AR20475,Soylent,2023-04-12,2023-05-27,3610.15,CAD,Open,,Net 45
AR20476,Soylent,2024-08-12,2024-09-26,2501.8,GBP,Received,2024-09-26,Net 45
AR20477,Initech,2024-03-20,2024-05-04,2866.83,USD,Open,,Net 45
AR20478,Globex,2023-11-14,2023-12-29,6939.15,CAD,Open,,Net 45
AR20479,Initech,2023-02-06,2023-03-23,2509.56,EUR,Partial,,Net 45
AR20480,Globex,2025-03-07,2025-04-21,6743.85,GBP,Received,2025-04-21,Net 45
AR20481,Globex,2023-05-18,2023-07-02,1370.41,EUR,Partial,,Net 45
AR20482,Soylent,2025-02-19,2025-04-05,4623.54,EUR,Open,,Net 45
AR20483,Globex,2023-07-08,2023-08-22,2675.9,AUD,Received,2023-08-22,Net 45
AR20484,Globex,2024-01-28,2024-03-13,7985.15,AUD,Received,2024-03-13,Net 45
AR20485,Globex,2024-08-04,2024-09-18,5313.37,GBP,Open,,Net 45
AR20486,Globex,2023-08-14,2023-09-28,3408.89,GBP,Received,2023-09-28,Net 45
AR20487,Umbrella,2025-04-23,2025-06-07,5267.1,CAD,Received,2025-06-07,Net 45
AR20488,Globex,2023-10-31,2023-12-15,4451.7,USD,Received,2023-12-15,Net 45
AR20489,Acme,2024-12-26,2025-02-09,6348.41,USD,Received,2025-02-09,Net 45
AR20490,Soylent,2025-03-20,2025-05-04,7924.12,AUD,Received,2025-05-04,Net 45
AR20491,Acme,2023-11-02,2023-12-17,6434.44,AUD,Partial,,Net 45
AR20492,Acme,2024-06-14,2024-07-29,2742.6,EUR,Partial,,Net 45
AR20493,Globex,2024-11-04,2024-12-19,2495.48,AUD,Open,,Net 45
AR20494,Globex,2023-05-14,2023-06-28,4577.08,EUR,Received,2023-06-28,Net 45
AR20495,Umbrella,2023-04-13,2023-05-28,2137.89,AUD,Open,,Net 45
AR20496,Initech,2024-01-07,2024-02-21,6435.43,CAD,Partial,,Net 45
AR20497,Umbrella,2023-09-25,2023-11-09,1273.69,CAD,Open,,Net 45
AR20498,Globex,2023-10-09,2023-11-23,343.33,AUD,Received,2023-11-23,Net 45
AR20499,Acme,2024-04-23,2024-06-07,5946.46,AUD,Received,2024-06-07,Net 45
AR20500,Soylent,2025-05-06,2025-06-20,5055.62,CAD,Partial,,Net 45
AR20501,Globex,2023-07-19,2023-09-02,1629.61,EUR,Open,,Net 45
AR20502,Initech,2024-03-03,2024-04-17,6605.12,CAD,Partial,,Net 45
AR20503,Soylent,2023-09-05,2023-10-20,2497.34,AUD,Open,,Net 45
AR20504,Acme,2023-07-15,2023-08-29,6514.17,USD,Received,2023-08-29,Net 45
AR20505,Globex,2024-09-29,2024-11-13,3027.77,USD,Open,,Net 45
AR20506,Umbrella,2024-02-19,2024-04-04,3375.12,GBP,Received,2024-04-04,Net 45
AR20507,Umbrella,2023-01-11,2023-02-25,7102.62,GBP,Open,,Net 45
AR20508,Acme,2024-07-17,2024-08-31,5929.86,USD,Open,,Net 45
AR20509,Soylent,2023-01-27,2023-03-13,6424.1,GBP,Partial,,Net 45
AR20510,Acme,2024-08-31,2024-10-15,4923.67,AUD,Open,,Net 45
AR20511,Soylent,2025-01-30,2025-03-16,2084.73,AUD,Received,2025-03-16,Net 45
AR20512,Soylent,2025-02-13,2025-03-30,6136.43,CAD,Open,,Net 45
AR20513,Acme,2023-02-16,2023-04-02,3787.59,AUD,Received,2023-04-02,Net 45
AR20514,Soylent,2023-09-25,2023-11-09,6215.44,CAD,Open,,Net 45
AR20515,Initech,2023-01-19,2023-03-05,2857.74,GBP,Partial,,Net 45
AR20516,Acme,2024-03-24,2024-05-08,4322.01,CAD,Partial,,Net 45
AR20517,Soylent,2025-02-25,2025-04-11,7905.09,CAD,Open,,Net 45
AR20518,Umbrella,2024-02-28,2024-04-13,743.1,CAD,Partial,,Net 45
AR20519,Globex,2024-01-06,2024-02-20,6727.1,EUR,Partial,,Net 45
AR20520,Acme,2025-06-04,2025-07-19,917.97,AUD,Open,,Net 45
AR20521,Soylent,2024-08-16,2024-09-30,1299.62,CAD,Partial,,Net 45
AR20522,Acme,2024-02-16,2024-04-01,2593.81,AUD,Partial,,Net 45
AR20523,Umbrella,2025-02-27,2025-04-13,5910.9,GBP,Partial,,Net 45
AR20524,Soylent,2023-12-11,2024-01-25,4375.05,CAD,Open,,Net 45
AR20525,Initech,2023-10-04,2023-11-18,5454.31,AUD,Open,,Net 45
AR20526,Globex,2023-05-21,2023-07-05,7779.62,AUD,Partial,,Net 45
AR20527,Globex,2024-12-19,2025-02-02,6732.24,EUR,Received,2025-02-02,Net 45
AR20528,Umbrella,2023-11-21,2024-01-05,6285.37,AUD,Partial,,Net 45
AR20529,Umbrella,2024-06-15,2024-07-30,6675.34,AUD,Partial,,Net 45
AR20530,Initech,2023-11-05,2023-12-20,7318.39,USD,Received,2023-12-20,Net 45
AR20531,Initech,2025-03-24,2025-05-08,5457.96,CAD,Received,2025-05-08,Net 45
AR20532,Initech,2023-09-13,2023-10-28,637.74,USD,Received,2023-10-28,Net 45
AR20533,Acme,2025-05-12,2025-06-26,3320.12,EUR,Open,,Net 45
AR20534,Acme,2023-06-26,2023-08-10,3567.1,EUR,Open,,Net 45
AR20535,Globex,2024-06-23,2024-08-07,1514.1,CAD,Partial,,Net 45
AR20536,Umbrella,2024-07-21,2024-09-04,5234.6,USD,Partial,,Net 45
AR20537,Initech,2023-12-13,2024-01-27,3441.63,USD,Open,,Net 45
AR20538,Soylent,2023-10-21,2023-12-05,6507.19,CAD,Open,,Net 45
AR20539,Acme,2025-03-03,2025-04-17,3028.92,GBP,Open,,Net 45
AR20540,Globex,2023-09-12,2023-10-27,3580.15,AUD,Received,2023-10-27,Net 45
AR20541,Globex,2025-03-12,2025-04-26,6618.18,EUR,Partial,,Net 45
AR20542,Acme,2024-03-01,2024-04-15,289.28,AUD,Partial,,Net 45
AR20543,Umbrella,2025-04-12,2025-05-27,5116.57,CAD,Partial,,Net 45
AR20544,Globex,2024-10-10,2024-11-24,3349.7,GBP,Received,2024-11-24,Net 45
AR20545,Soylent,2024-07-23,2024-09-06,2650.37,GBP,Partial,,Net 45
AR20546,Globex,2025-04-22,2025-06-06,4369.96,CAD,Open,,Net 45
AR20547,Acme,2025-04-02,2025-05-17,436.3,CAD,Partial,,Net 45
AR20548,Soylent,2024-01-17,2024-03-02,2188.7,AUD,Partial,,Net 45
AR20549,Globex,2024-03-11,2024-04-25,5461.99,USD,Received,2024-04-25,Net 45
AR20550,Globex,2023-08-06,2023-09-20,4212.33,GBP,Partial,,Net 45
AR20551,Initech,2024-10-14,2024-11-28,5357.53,USD,Open,,Net 45
AR20552,Globex,2024-04-22,2024-06-06,3853.52,GBP,Open,,Net 45
AR20553,Initech,2023-03-06,2023-04-20,3722.35,AUD,Received,2023-04-20,Net 45
AR20554,Soylent,2023-03-11,2023-04-25,6667.79,CAD,Open,,Net 45
AR20555,Globex,2023-12-11,2024-01-25,939.96,AUD,Received,2024-01-25,Net 45
AR20556,Umbrella,2023-10-28,2023-12-12,3429.97,EUR,Partial,,Net 45
AR20557,Acme,2025-06-01,2025-07-16,2696.48,AUD,Partial,,Net 45
AR20558,Globex,2023-09-18,2023-11-02,2767.09,GBP,Open,,Net 45
AR20559,Globex,2023-04-22,2023-06-06,7836.25,CAD,Received,2023-06-06,Net 45
AR20560,Acme,2023-09-08,2023-10-23,2776.14,EUR,Partial,,Net 45
AR20561,Acme,2023-09-28,2023-11-12,4256.94,GBP,Open,,Net 45
AR20562,Initech,2023-02-23,2023-04-09,7675.1,EUR,Partial,,Net 45
AR20563,Acme,2024-02-02,2024-03-18,1561.55,CAD,Partial,,Net 45
AR20564,Acme,2023-11-05,2023-12-20,3208.62,AUD,Received,2023-12-20,Net 45
AR20565,Soylent,2025-06-12,2025-07-27,5171.99,GBP,Partial,,Net 45
AR20566,Umbrella,2024-10-26,2024-12-10,6132.23,CAD,Open,,Net 45
AR20567,Globex,2023-07-07,2023-08-21,5228.94,USD,Partial,,Net 45
AR20568,Umbrella,2024-06-07,2024-07-22,2406.41,USD,Open,,Net 45
AR20569,Acme,2024-03-07,2024-04-21,7118.9,EUR,Partial,,Net 45
AR20570,Soylent,2025-06-28,2025-08-12,2548.35,CAD,Open,,Net 45
AR20571,Initech,2024-07-05,2024-08-19,5346.99,GBP,Partial,,Net 45
AR20572,Globex,2024-04-03,2024-05-18,2614.72,USD,Received,2024-05-18,Net 45
AR20573,Soylent,2024-02-26,2024-04-11,332.76,CAD,Partial,,Net 45
AR20574,Soylent,2024-03-13,2024-04-27,2362.15,USD,Received,2024-04-27,Net 45
AR20575,Acme,2023-05-23,2023-07-07,4512.25,AUD,Received,2023-07-07,Net 45
AR20576,Acme,2024-06-17,2024-08-01,5745.66,AUD,Received,2024-08-01,Net 45
AR20577,Soylent,2025-02-04,2025-03-21,1607,USD,Open,,Net 45
AR20578,Umbrella,2025-05-29,2025-07-13,7427.79,GBP,Received,2025-07-13,Net 45
AR20579,Globex,2023-12-30,2024-02-13,6670.94,AUD,Received,2024-02-13,Net 45
AR20580,Soylent,2023-01-07,2023-02-21,2177.16,USD,Open,,Net 45
AR20581,Initech,2023-08-05,2023-09-19,5300.97,USD,Received,2023-09-19,Net 45
AR20582,Acme,2025-04-14,2025-05-29,1242.32,GBP,Partial,,Net 45
AR20583,Acme,2025-01-19,2025-03-05,4115.64,CAD,Open,,Net 45
AR20584,Umbrella,2024-11-09,2024-12-24,7260.77,USD,Partial,,Net 45
AR20585,Soylent,2024-05-28,2024-07-12,3015.47,CAD,Received,2024-07-12,Net 45
AR20586,Globex,2023-02-11,2023-03-28,6294.93,EUR,Partial,,Net 45
AR20587,Umbrella,2023-11-23,2024-01-07,4468.68,GBP,Open,,Net 45
AR20588,Umbrella,2023-10-24,2023-12-08,240.09,GBP,Open,,Net 45
AR20589,Initech,2025-05-26,2025-07-10,7050.65,AUD,Received,2025-07-10,Net 45
AR20590,Acme,2025-01-23,2025-03-09,4117.13,CAD,Received,2025-03-09,Net 45
AR20591,Acme,2024-05-18,2024-07-02,2054.09,AUD,Received,2024-07-02,Net 45
AR20592,Umbrella,2024-08-06,2024-09-20,5527.3,EUR,Open,,Net 45
AR20593,Acme,2024-11-21,2025-01-05,3629.15,GBP,Open,,Net 45
AR20594,Initech,2023-08-30,2023-10-14,1194.05,CAD,Partial,,Net 45
AR20595,Acme,2025-05-12,2025-06-26,1885.59,AUD,Received,2025-06-26,Net 45
AR20596,Globex,2024-07-22,2024-09-05,5091.89,USD,Partial,,Net 45
AR20597,Acme,2024-08-08,2024-09-22,6072.8,AUD,Open,,Net 45
AR20598,Initech,2024-07-07,2024-08-21,4904.74,USD,Open,,Net 45
AR20599,Umbrella,2023-07-16,2023-08-30,6631.88,EUR,Received,2023-08-30,Net 45
AR20600,Acme,2024-02-17,2024-04-02,4297.46,USD,Partial,,Net 45
AR20601,Soylent,2024-09-29,2024-11-13,6265.82,USD,Open,,Net 45
AR20602,Initech,2024-03-02,2024-04-16,1336.98,EUR,Received,2024-04-16,Net 45
AR20603,Soylent,2023-06-20,2023-08-04,2594.04,USD,Open,,Net 45
AR20604,Initech,2024-01-15,2024-02-29,3492.88,GBP,Partial,,Net 45
AR20605,Soylent,2025-05-01,2025-06-15,6733.21,EUR,Partial,,Net 45
AR20606,Globex,2024-01-14,2024-02-28,392.35,GBP,Partial,,Net 45
AR20607,Acme,2024-03-24,2024-05-08,372.39,CAD,Open,,Net 45
AR20608,Globex,2024-01-07,2024-02-21,5066.48,GBP,Partial,,Net 45
AR20609,Soylent,2025-05-27,2025-07-11,2397.25,CAD,Open,,Net 45
AR20610,Umbrella,2023-07-13,2023-08-27,1999.63,EUR,Open,,Net 45
AR20611,Globex,2024-12-08,2025-01-22,1154.49,USD,Received,2025-01-22,Net 45
AR20612,Acme,2023-04-20,2023-06-04,594.48,USD,Open,,Net 45
AR20613,Umbrella,2023-09-12,2023-10-27,6539.17,AUD,Partial,,Net 45
AR20614,Umbrella,2024-04-02,2024-05-17,6898.03,GBP,Open,,Net 45
AR20615,Soylent,2024-01-13,2024-02-27,1278.87,USD,Open,,Net 45
AR20616,Soylent,2025-04-18,2025-06-02,2943.85,EUR,Received,2025-06-02,Net 45
AR20617,Soylent,2023-10-21,2023-12-05,2262.88,EUR,Partial,,Net 45
AR20618,Initech,2024-06-20,2024-08-04,839.79,GBP,Partial,,Net 45
AR20619,Globex,2023-10-09,2023-11-23,1981.78,CAD,Open,,Net 45
AR20620,Initech,2024-06-18,2024-08-02,7993.22,USD,Received,2024-08-02,Net 45
AR20621,Globex,2024-10-12,2024-11-26,505.41,GBP,Received,2024-11-26,Net 45
AR20622,Soylent,2024-05-02,2024-06-16,1214.11,USD,Open,,Net 45
AR20623,Globex,2025-04-21,2025-06-05,2924.58,CAD,Received,2025-06-05,Net 45
AR20624,Acme,2023-11-13,2023-12-28,7029.41,GBP,Partial,,Net 45
AR20625,Soylent,2024-09-05,2024-10-20,4527.11,EUR,Open,,Net 45
AR20626,Umbrella,2023-05-11,2023-06-25,6525.23,AUD,Open,,Net 45
AR20627,Initech,2025-06-21,2025-08-05,3824.97,USD,Received,2025-08-05,Net 45
AR20628,Globex,2025-02-19,2025-04-05,1942.51,AUD,Partial,,Net 45
AR20629,Soylent,2023-11-11,2023-12-26,5154.78,EUR,Partial,,Net 45
AR20630,Acme,2023-07-19,2023-09-02,2001.78,AUD,Partial,,Net 45
AR20631,Soylent,2024-10-27,2024-12-11,2090.41,EUR,Open,,Net 45
AR20632,Initech,2023-09-21,2023-11-05,2713.38,USD,Received,2023-11-05,Net 45
AR20633,Acme,2023-03-24,2023-05-08,1688.41,USD,Received,2023-05-08,Net 45
AR20634,Globex,2023-07-01,2023-08-15,7964.05,AUD,Partial,,Net 45
AR20635,Acme,2025-04-13,2025-05-28,1540.79,USD,Open,,Net 45
AR20636,Initech,2025-04-21,2025-06-05,1933.33,USD,Open,,Net 45
AR20637,Umbrella,2023-09-02,2023-10-17,458.58,GBP,Open,,Net 45
AR20638,Initech,2025-06-29,2025-08-13,5760.56,USD,Partial,,Net 45
AR20639,Umbrella,2025-06-09,2025-07-24,1719.86,EUR,Partial,,Net 45
AR20640,Initech,2025-03-09,2025-04-23,6756.99,EUR,Partial,,Net 45
AR20641,Soylent,2024-11-10,2024-12-25,4654.32,CAD,Open,,Net 45
AR20642,Initech,2024-10-06,2024-11-20,3915.77,USD,Open,,Net 45
AR20643,Globex,2025-05-23,2025-07-07,1446.12,USD,Received,2025-07-07,Net 45
AR20644,Globex,2024-06-11,2024-07-26,3333.72,CAD,Received,2024-07-26,Net 45
AR20645,Globex,2023-05-16,2023-06-30,6396.64,USD,Received,2023-06-30,Net 45
AR20646,Initech,2024-08-20,2024-10-04,745.71,GBP,Open,,Net 45
AR20647,Initech,2024-07-30,2024-09-13,2882.56,GBP,Received,2024-09-13,Net 45
AR20648,Soylent,2023-09-17,2023-11-01,4831.98,USD,Open,,Net 45
AR20649,Umbrella,2023-01-03,2023-02-17,1606.99,GBP,Open,,Net 45
AR20650,Initech,2023-01-07,2023-02-21,243.81,GBP,Open,,Net 45
AR20651,Umbrella,2025-03-25,2025-05-09,3008.8,CAD,Received,2025-05-09,Net 45
AR20652,Globex,2023-01-31,2023-03-17,6453.32,CAD,Received,2023-03-17,Net 45
AR20653,Globex,2024-08-24,2024-10-08,6816.1,GBP,Partial,,Net 45
AR20654,Soylent,2023-08-02,2023-09-16,3940.19,AUD,Open,,Net 45
AR20655,Globex,2023-06-14,2023-07-29,3595.35,GBP,Open,,Net 45
AR20656,Soylent,2024-05-15,2024-06-29,3077.11,CAD,Open,,Net 45
AR20657,Soylent,2025-02-17,2025-04-03,5124.7,GBP,Partial,,Net 45
AR20658,Soylent,2023-06-15,2023-07-30,7013.17,GBP,Partial,,Net 45
AR20659,Initech,2023-02-07,2023-03-24,6328.76,GBP,Open,,Net 45
AR20660,Globex,2023-04-04,2023-05-19,4370.75,EUR,Received,2023-05-19,Net 45
AR20661,Acme,2023-11-17,2024-01-01,1197.19,GBP,Received,2024-01-01,Net 45
AR20662,Umbrella,2024-09-09,2024-10-24,1237.35,EUR,Received,2024-10-24,Net 45
AR20663,Umbrella,2023-05-20,2023-07-04,1158.6,USD,Received,2023-07-04,Net 45
AR20664,Umbrella,2024-09-05,2024-10-20,902.03,EUR,Partial,,Net 45
AR20665,Acme,2025-03-11,2025-04-25,5343.75,CAD,Open,,Net 45
AR20666,Umbrella,2024-11-16,2024-12-31,7948.89,CAD,Partial,,Net 45
AR20667,Umbrella,2024-10-04,2024-11-18,7072.26,EUR,Received,2024-11-18,Net 45
AR20668,Umbrella,2023-07-21,2023-09-04,4905.33,USD,Partial,,Net 45
AR20669,Acme,2023-04-08,2023-05-23,1063.05,USD,Received,2023-05-23,Net 45
AR20670,Acme,2025-02-09,2025-03-26,4173.51,EUR,Received,2025-03-26,Net 45
AR20671,Acme,2023-02-23,2023-04-09,5531.26,USD,Open,,Net 45
AR20672,Initech,2025-03-31,2025-05-15,696.31,USD,Open,,Net 45
AR20673,Initech,2025-05-27,2025-07-11,4219.19,EUR,Open,,Net 45
AR20674,Soylent,2024-02-01,2024-03-17,6754.63,EUR,Open,,Net 45
AR20675,Umbrella,2024-04-04,2024-05-19,4258.29,USD,Received,2024-05-19,Net 45
AR20676,Globex,2023-06-04,2023-07-19,5986.21,EUR,Partial,,Net 45
AR20677,Soylent,2023-07-05,2023-08-19,6093.81,USD,Received,2023-08-19,Net 45
AR20678,Initech,2024-09-03,2024-10-18,3906.09,USD,Received,2024-10-18,Net 45
AR20679,Umbrella,2024-11-27,2025-01-11,4948.45,GBP,Open,,Net 45
AR20680,Globex,2023-03-21,2023-05-05,3111.12,EUR,Open,,Net 45
AR20681,Umbrella,2025-06-16,2025-07-31,4171.1,CAD,Partial,,Net 45
AR20682,Umbrella,2025-05-19,2025-07-03,3794.84,GBP,Received,2025-07-03,Net 45
AR20683,Soylent,2023-05-30,2023-07-14,778.03,AUD,Received,2023-07-14,Net 45
AR20684,Soylent,2023-10-04,2023-11-18,6025.55,USD,Partial,,Net 45
AR20685,Acme,2024-02-24,2024-04-09,4483.34,AUD,Partial,,Net 45
AR20686,Initech,2025-05-19,2025-07-03,1864.5,GBP,Open,,Net 45
AR20687,Initech,2023-11-05,2023-12-20,3805.4,CAD,Open,,Net 45
AR20688,Initech,2023-06-14,2023-07-29,3548.95,GBP,Open,,Net 45
AR20689,Soylent,2024-11-25,2025-01-09,283.44,GBP,Open,,Net 45
AR20690,Globex,2023-05-29,2023-07-13,3193.11,GBP,Open,,Net 45
AR20691,Umbrella,2023-01-20,2023-03-06,2760.66,AUD,Partial,,Net 45
AR20692,Globex,2024-06-07,2024-07-22,5320.56,AUD,Received,2024-07-22,Net 45
AR20693,Acme,2023-01-21,2023-03-07,4442.52,GBP,Partial,,Net 45
AR20694,Initech,2023-10-01,2023-11-15,6614.86,EUR,Partial,,Net 45
AR20695,Initech,2024-11-11,2024-12-26,2556.04,USD,Partial,,Net 45
AR20696,Soylent,2024-08-19,2024-10-03,2111.52,AUD,Open,,Net 45
AR20697,Acme,2024-03-21,2024-05-05,982.36,EUR,Partial,,Net 45
AR20698,Initech,2024-03-11,2024-04-25,5662.81,EUR,Partial,,Net 45
AR20699,Soylent,2024-05-29,2024-07-13,5466.25,EUR,Partial,,Net 45
AR20700,Soylent,2024-03-03,2024-04-17,5790.42,EUR,Partial,,Net 45
AR20701,Acme,2023-12-08,2024-01-22,5414.66,EUR,Received,2024-01-22,Net 45
AR20702,Globex,2023-09-10,2023-10-25,3252.33,GBP,Open,,Net 45
AR20703,Initech,2024-01-27,2024-03-12,4304.96,USD,Received,2024-03-12,Net 45
AR20704,Initech,2025-06-09,2025-07-24,1447.17,CAD,Partial,,Net 45
AR20705,Soylent,2024-08-05,2024-09-19,7506.22,AUD,Open,,Net 45
AR20706,Initech,2025-04-14,2025-05-29,7912.6,USD,Partial,,Net 45
AR20707,Initech,2023-08-08,2023-09-22,4014.31,CAD,Received,2023-09-22,Net 45
AR20708,Globex,2023-02-25,2023-04-11,6682.82,EUR,Open,,Net 45
AR20709,Globex,2024-10-29,2024-12-13,4718.18,GBP,Partial,,Net 45
AR20710,Soylent,2025-04-06,2025-05-21,5413.68,GBP,Partial,,Net 45
AR20711,Initech,2025-03-20,2025-05-04,5711.55,GBP,Received,2025-05-04,Net 45
AR20712,Umbrella,2025-04-20,2025-06-04,1016.83,AUD,Open,,Net 45
AR20713,Initech,2023-05-21,2023-07-05,4967.94,EUR,Partial,,Net 45
AR20714,Acme,2023-02-08,2023-03-25,1921.94,CAD,Received,2023-03-25,Net 45
AR20715,Soylent,2025-04-02,2025-05-17,2725.11,CAD,Open,,Net 45
AR20716,Acme,2023-05-20,2023-07-04,7384.94,AUD,Received,2023-07-04,Net 45
AR20717,Globex,2024-09-06,2024-10-21,379.48,EUR,Partial,,Net 45
AR20718,Globex,2024-04-11,2024-05-26,7372.24,USD,Open,,Net 45
AR20719,Globex,2023-04-08,2023-05-23,4620.79,GBP,Received,2023-05-23,Net 45
AR20720,Initech,2023-05-16,2023-06-30,528.38,USD,Open,,Net 45
AR20721,Acme,2024-08-11,2024-09-25,6586.87,GBP,Partial,,Net 45
AR20722,Umbrella,2025-04-02,2025-05-17,1050.93,EUR,Partial,,Net 45
AR20723,Soylent,2024-09-13,2024-10-28,3679.18,CAD,Received,2024-10-28,Net 45
AR20724,Umbrella,2024-04-28,2024-06-12,7286.86,USD,Received,2024-06-12,Net 45
AR20725,Soylent,2024-02-14,2024-03-30,2238.76,AUD,Partial,,Net 45
AR20726,Umbrella,2024-03-20,2024-05-04,6394.62,AUD,Partial,,Net 45
AR20727,Initech,2023-06-03,2023-07-18,7492.09,CAD,Open,,Net 45
AR20728,Soylent,2025-03-17,2025-05-01,4830.54,EUR,Partial,,Net 45
AR20729,Umbrella,2025-06-11,2025-07-26,4670.08,GBP,Partial,,Net 45
AR20730,Soylent,2025-01-09,2025-02-23,6954.16,GBP,Received,2025-02-23,Net 45
AR20731,Umbrella,2023-03-15,2023-04-29,4219.61,EUR,Partial,,Net 45
AR20732,Globex,2024-02-12,2024-03-28,7672.81,GBP,Received,2024-03-28,Net 45
AR20733,Initech,2025-03-31,2025-05-15,3127.27,AUD,Partial,,Net 45
AR20734,Initech,2024-10-01,2024-11-15,2341.2,USD,Received,2024-11-15,Net 45
AR20735,Umbrella,2024-10-30,2024-12-14,5614.34,USD,Partial,,Net 45
AR20736,Globex,2023-01-30,2023-03-16,7144.44,EUR,Partial,,Net 45
AR20737,Globex,2023-07-29,2023-09-12,5084.83,CAD,Received,2023-09-12,Net 45
AR20738,Acme,2025-05-13,2025-06-27,4558.47,USD,Open,,Net 45
AR20739,Initech,2023-09-11,2023-10-26,7477.62,CAD,Received,2023-10-26,Net 45
AR20740,Umbrella,2024-03-21,2024-05-05,2809.92,GBP,Received,2024-05-05,Net 45
AR20741,Umbrella,2023-01-22,2023-03-08,1528,USD,Partial,,Net 45
AR20742,Soylent,2023-04-18,2023-06-02,6314.46,AUD,Received,2023-06-02,Net 45
AR20743,Umbrella,2023-03-30,2023-05-14,4757.39,GBP,Open,,Net 45
AR20744,Umbrella,2023-06-03,2023-07-18,4061.27,CAD,Received,2023-07-18,Net 45
AR20745,Globex,2025-03-17,2025-05-01,1445.59,USD,Partial,,Net 45
AR20746,Initech,2024-07-14,2024-08-28,4549.9,CAD,Received,2024-08-28,Net 45
AR20747,Initech,2024-03-21,2024-05-05,5530.33,USD,Open,,Net 45
AR20748,Soylent,2025-04-29,2025-06-13,2790.34,EUR,Partial,,Net 45
AR20749,Soylent,2024-01-13,2024-02-27,7511.89,EUR,Partial,,Net 45
AR20750,Globex,2024-11-18,2025-01-02,7449.48,USD,Partial,,Net 45
AR20751,Soylent,2023-06-07,2023-07-22,5701.18,EUR,Partial,,Net 45
AR20752,Umbrella,2024-05-10,2024-06-24,2707.82,EUR,Open,,Net 45
AR20753,Umbrella,2025-01-17,2025-03-03,289.7,EUR,Open,,Net 45
AR20754,Initech,2025-06-08,2025-07-23,3246.06,AUD,Partial,,Net 45
AR20755,Acme,2023-09-17,2023-11-01,2844.18,EUR,Received,2023-11-01,Net 45
AR20756,Soylent,2024-02-10,2024-03-26,4564.2,CAD,Partial,,Net 45
AR20757,Umbrella,2024-06-18,2024-08-02,5995.72,USD,Received,2024-08-02,Net 45
AR20758,Acme,2023-04-01,2023-05-16,1249.92,GBP,Received,2023-05-16,Net 45
AR20759,Initech,2023-11-20,2024-01-04,417.53,USD,Received,2024-01-04,Net 45
AR20760,Umbrella,2024-05-13,2024-06-27,555.05,AUD,Received,2024-06-27,Net 45
AR20761,Umbrella,2025-04-01,2025-05-16,4786.58,USD,Received,2025-05-16,Net 45
AR20762,Globex,2023-01-08,2023-02-22,4534.4,EUR,Received,2023-02-22,Net 45
AR20763,Soylent,2023-11-16,2023-12-31,5553.38,AUD,Received,2023-12-31,Net 45
AR20764,Globex,2023-08-04,2023-09-18,4181.19,AUD,Open,,Net 45
AR20765,Soylent,2024-06-12,2024-07-27,2073.36,GBP,Received,2024-07-27,Net 45
AR20766,Initech,2024-08-22,2024-10-06,5261.47,USD,Open,,Net 45
AR20767,Globex,2023-12-03,2024-01-17,4961.44,AUD,Open,,Net 45
AR20768,Soylent,2025-06-02,2025-07-17,3635.6,GBP,Received,2025-07-17,Net 45
AR20769,Umbrella,2025-05-04,2025-06-18,556.26,GBP,Open,,Net 45
AR20770,Globex,2025-04-05,2025-05-20,3646.79,EUR,Open,,Net 45
AR20771,Acme,2024-06-01,2024-07-16,3481.23,CAD,Received,2024-07-16,Net 45
AR20772,Initech,2023-03-28,2023-05-12,5455.28,EUR,Received,2023-05-12,Net 45
AR20773,Umbrella,2024-07-03,2024-08-17,878.36,GBP,Received,2024-08-17,Net 45
AR20774,Initech,2024-04-14,2024-05-29,3961.35,GBP,Partial,,Net 45
AR20775,Acme,2025-05-16,2025-06-30,1826.28,GBP,Received,2025-06-30,Net 45
AR20776,Initech,2023-01-27,2023-03-13,1812.47,EUR,Partial,,Net 45
AR20777,Globex,2024-12-15,2025-01-29,661.49,USD,Open,,Net 45
AR20778,Soylent,2025-01-11,2025-02-25,5875.17,EUR,Received,2025-02-25,Net 45
AR20779,Umbrella,2024-04-22,2024-06-06,6564.03,CAD,Received,2024-06-06,Net 45
AR20780,Soylent,2023-01-12,2023-02-26,5553.31,GBP,Received,2023-02-26,Net 45
AR20781,Initech,2024-02-17,2024-04-02,1061.81,AUD,Partial,,Net 45
AR20782,Acme,2024-08-08,2024-09-22,7675.26,CAD,Received,2024-09-22,Net 45
AR20783,Acme,2024-12-07,2025-01-21,3464.63,AUD,Open,,Net 45
AR20784,Umbrella,2024-01-01,2024-02-15,3760.84,EUR,Received,2024-02-15,Net 45
AR20785,Globex,2023-02-28,2023-04-14,3807.09,USD,Received,2023-04-14,Net 45
AR20786,Umbrella,2024-10-31,2024-12-15,686.86,GBP,Partial,,Net 45
AR20787,Umbrella,2024-12-04,2025-01-18,6790.46,CAD,Received,2025-01-18,Net 45
AR20788,Acme,2024-06-10,2024-07-25,7091.17,AUD,Open,,Net 45
AR20789,Globex,2024-04-23,2024-06-07,7699.12,USD,Partial,,Net 45
AR20790,Globex,2025-03-28,2025-05-12,5087.32,GBP,Received,2025-05-12,Net 45
AR20791,Acme,2023-03-25,2023-05-09,2075.5,GBP,Partial,,Net 45
AR20792,Acme,2024-07-02,2024-08-16,1547.05,CAD,Open,,Net 45
AR20793,Acme,2025-04-20,2025-06-04,200.4,EUR,Partial,,Net 45
AR20794,Initech,2023-08-23,2023-10-07,1095.12,USD,Partial,,Net 45
AR20795,Soylent,2023-02-15,2023-04-01,674.83,AUD,Open,,Net 45
AR20796,Initech,2024-10-15,2024-11-29,631.81,CAD,Partial,,Net 45
AR20797,Initech,2023-10-09,2023-11-23,6298.56,GBP,Open,,Net 45
AR20798,Acme,2024-02-24,2024-04-09,340.12,CAD,Partial,,Net 45
AR20799,Umbrella,2023-03-08,2023-04-22,3782.01,GBP,Open,,Net 45
AR20800,Initech,2024-01-09,2024-02-23,1451.63,EUR,Received,2024-02-23,Net 45
AR20801,Acme,2023-03-26,2023-05-10,1981.05,CAD,Received,2023-05-10,Net 45
AR20802,Acme,2023-04-05,2023-05-20,2705.53,CAD,Partial,,Net 45
AR20803,Umbrella,2023-02-22,2023-04-08,3205.57,USD,Received,2023-04-08,Net 45
AR20804,Acme,2025-04-07,2025-05-22,1545.02,USD,Partial,,Net 45
AR20805,Acme,2023-10-13,2023-11-27,2254.55,GBP,Open,,Net 45
AR20806,Soylent,2023-04-20,2023-06-04,4375.79,USD,Received,2023-06-04,Net 45
AR20807,Acme,2023-10-18,2023-12-02,4432.12,CAD,Received,2023-12-02,Net 45
AR20808,Acme,2023-08-03,2023-09-17,4568.71,EUR,Partial,,Net 45
AR20809,Initech,2023-12-24,2024-02-07,1773.02,GBP,Received,2024-02-07,Net 45
AR20810,Initech,2023-01-12,2023-02-26,4728.13,CAD,Received,2023-02-26,Net 45
AR20811,Acme,2023-02-28,2023-04-14,6487.26,CAD,Open,,Net 45
AR20812,Umbrella,2023-10-27,2023-12-11,4068.12,EUR,Open,,Net 45
AR20813,Globex,2024-12-05,2025-01-19,6480.06,GBP,Partial,,Net 45
AR20814,Soylent,2024-08-13,2024-09-27,3518.68,EUR,Open,,Net 45
AR20815,Soylent,2024-01-13,2024-02-27,4965.96,GBP,Open,,Net 45
AR20816,Umbrella,2023-12-31,2024-02-14,4868.89,USD,Partial,,Net 45
AR20817,Umbrella,2024-03-11,2024-04-25,4916.98,USD,Received,2024-04-25,Net 45
AR20818,Soylent,2024-06-27,2024-08-11,3806.24,GBP,Received,2024-08-11,Net 45
AR20819,Acme,2025-06-06,2025-07-21,5185.96,USD,Open,,Net 45
AR20820,Umbrella,2024-01-11,2024-02-25,4303.56,AUD,Open,,Net 45
AR20821,Soylent,2023-07-01,2023-08-15,6011.5,USD,Open,,Net 45
AR20822,Initech,2025-01-15,2025-03-01,3111.71,CAD,Open,,Net 45
AR20823,Globex,2024-11-22,2025-01-06,7891.74,GBP,Partial,,Net 45
AR20824,Acme,2023-12-25,2024-02-08,4155.67,USD,Partial,,Net 45
AR20825,Initech,2024-08-20,2024-10-04,3416.11,CAD,Open,,Net 45
AR20826,Globex,2025-04-21,2025-06-05,3101.41,GBP,Open,,Net 45
AR20827,Acme,2025-06-20,2025-08-04,4340.31,USD,Partial,,Net 45
AR20828,Umbrella,2024-09-15,2024-10-30,3421.13,USD,Received,2024-10-30,Net 45
AR20829,Soylent,2025-06-28,2025-08-12,6109.5,USD,Open,,Net 45
AR20830,Globex,2025-01-05,2025-02-19,5463.95,EUR,Partial,,Net 45
AR20831,Initech,2023-08-22,2023-10-06,6119.76,CAD,Received,2023-10-06,Net 45
AR20832,Globex,2024-03-09,2024-04-23,5529.68,EUR,Open,,Net 45
AR20833,Globex,2024-12-20,2025-02-03,5859.96,GBP,Received,2025-02-03,Net 45
AR20834,Soylent,2023-07-08,2023-08-22,7051.74,GBP,Received,2023-08-22,Net 45
AR20835,Acme,2023-01-09,2023-02-23,1546.25,EUR,Open,,Net 45
AR20836,Initech,2025-04-28,2025-06-12,6604.35,USD,Partial,,Net 45
AR20837,Globex,2024-01-24,2024-03-09,2420.27,AUD,Partial,,Net 45
AR20838,Acme,2024-10-24,2024-12-08,4890.76,USD,Partial,,Net 45
AR20839,Soylent,2024-02-07,2024-03-23,5733.98,GBP,Partial,,Net 45
AR20840,Globex,2025-04-25,2025-06-09,3537.28,USD,Received,2025-06-09,Net 45
AR20841,Soylent,2024-04-26,2024-06-10,2302.83,EUR,Received,2024-06-10,Net 45
AR20842,Umbrella,2025-02-27,2025-04-13,6136.41,CAD,Open,,Net 45
AR20843,Umbrella,2024-01-23,2024-03-08,679.54,USD,Open,,Net 45
AR20844,Acme,2023-02-09,2023-03-26,6397.31,EUR,Partial,,Net 45
AR20845,Globex,2025-04-26,2025-06-10,6130.22,GBP,Received,2025-06-10,Net 45
AR20846,Initech,2023-01-14,2023-02-28,7832.04,AUD,Received,2023-02-28,Net 45
AR20847,Umbrella,2024-10-23,2024-12-07,4671.99,CAD,Partial,,Net 45
AR20848,Soylent,2024-01-14,2024-02-28,4213.26,CAD,Partial,,Net 45
AR20849,Globex,2023-05-01,2023-06-15,7245.84,AUD,Partial,,Net 45
AR20850,Soylent,2023-08-17,2023-10-01,3490.61,EUR,Partial,,Net 45
AR20851,Acme,2023-11-26,2024-01-10,4514.91,USD,Open,,Net 45
AR20852,Acme,2024-02-18,2024-04-03,507,GBP,Received,2024-04-03,Net 45
AR20853,Soylent,2023-01-09,2023-02-23,860.68,CAD,Open,,Net 45
AR20854,Globex,2025-05-17,2025-07-01,3179.28,GBP,Open,,Net 45
AR20855,Acme,2023-09-15,2023-10-30,3603.83,CAD,Received,2023-10-30,Net 45
AR20856,Initech,2023-11-28,2024-01-12,267.24,AUD,Open,,Net 45
AR20857,Acme,2025-05-28,2025-07-12,6493.35,AUD,Received,2025-07-12,Net 45
AR20858,Globex,2023-08-30,2023-10-14,5155.55,CAD,Partial,,Net 45
AR20859,Acme,2024-11-14,2024-12-29,5605.91,USD,Partial,,Net 45
AR20860,Soylent,2025-02-06,2025-03-23,6041.09,EUR,Partial,,Net 45
AR20861,Acme,2023-01-26,2023-03-12,4640.58,GBP,Open,,Net 45
AR20862,Globex,2023-02-15,2023-04-01,733.3,GBP,Partial,,Net 45
AR20863,Globex,2023-05-27,2023-07-11,5029.4,AUD,Received,2023-07-11,Net 45
AR20864,Umbrella,2023-01-08,2023-02-22,5824.57,USD,Received,2023-02-22,Net 45
AR20865,Acme,2023-07-17,2023-08-31,3219.89,EUR,Open,,Net 45
AR20866,Globex,2024-08-30,2024-10-14,2856.82,USD,Open,,Net 45
AR20867,Umbrella,2024-09-29,2024-11-13,4095.19,AUD,Partial,,Net 45
AR20868,Globex,2023-10-25,2023-12-09,7507.98,GBP,Open,,Net 45
AR20869,Initech,2025-02-18,2025-04-04,2271.23,CAD,Open,,Net 45
AR20870,Initech,2023-05-31,2023-07-15,4290.32,AUD,Partial,,Net 45
AR20871,Initech,2023-08-28,2023-10-12,3562.01,GBP,Open,,Net 45
AR20872,Acme,2023-05-01,2023-06-15,2117.47,USD,Open,,Net 45
AR20873,Umbrella,2023-12-05,2024-01-19,2865.09,GBP,Received,2024-01-19,Net 45
AR20874,Soylent,2024-12-04,2025-01-18,3933.4,CAD,Partial,,Net 45
AR20875,Umbrella,2023-10-17,2023-12-01,300.14,USD,Received,2023-12-01,Net 45
AR20876,Umbrella,2023-11-23,2024-01-07,3365.08,USD,Open,,Net 45
AR20877,Globex,2024-09-02,2024-10-17,7336.13,GBP,Open,,Net 45
AR20878,Umbrella,2023-03-23,2023-05-07,5117.88,CAD,Open,,Net 45
AR20879,Initech,2023-01-31,2023-03-17,6307.06,CAD,Partial,,Net 45
AR20880,Umbrella,2024-01-03,2024-02-17,7493.25,USD,Open,,Net 45
AR20881,Initech,2025-06-05,2025-07-20,1666.55,GBP,Open,,Net 45
AR20882,Soylent,2023-11-06,2023-12-21,7344.16,CAD,Received,2023-12-21,Net 45
AR20883,Soylent,2025-01-26,2025-03-12,231.22,EUR,Received,2025-03-12,Net 45
AR20884,Globex,2024-04-11,2024-05-26,7661.86,USD,Partial,,Net 45
AR20885,Initech,2023-12-01,2024-01-15,6954.59,EUR,Received,2024-01-15,Net 45
AR20886,Umbrella,2025-03-25,2025-05-09,381.98,EUR,Received,2025-05-09,Net 45
AR20887,Initech,2023-03-03,2023-04-17,7168.62,USD,Open,,Net 45
AR20888,Acme,2025-02-18,2025-04-04,1538.18,GBP,Received,2025-04-04,Net 45
AR20889,Umbrella,2024-01-27,2024-03-12,4387.11,GBP,Partial,,Net 45
AR20890,Acme,2023-02-28,2023-04-14,5828.29,EUR,Open,,Net 45
AR20891,Soylent,2023-05-21,2023-07-05,5386.99,CAD,Received,2023-07-05,Net 45
AR20892,Acme,2023-05-18,2023-07-02,1980.71,AUD,Open,,Net 45
AR20893,Acme,2025-05-19,2025-07-03,4129.08,EUR,Partial,,Net 45
AR20894,Soylent,2023-10-16,2023-11-30,6161.04,EUR,Received,2023-11-30,Net 45
AR20895,Umbrella,2025-01-22,2025-03-08,2056.42,AUD,Open,,Net 45
AR20896,Acme,2024-02-26,2024-04-11,1203.3,USD,Received,2024-04-11,Net 45
AR20897,Globex,2023-05-24,2023-07-08,3143.41,USD,Received,2023-07-08,Net 45
AR20898,Initech,2024-12-17,2025-01-31,3136.3,GBP,Partial,,Net 45
AR20899,Umbrella,2025-01-12,2025-02-26,2993.93,EUR,Received,2025-02-26,Net 45
